{
 "templeR0013": [
  [
   0.9999999901362935,
   0.00011849232205509202,
   7.541208464715956e-05,
   9.058353419702968e-06
  ],
  [
   -0.00011849618646055664,
   0.999999991666484,
   5.124144373242926e-05,
   1.6990465740853385e-06
  ],
  [
   -7.54060123010294e-05,
   -5.125037927148514e-05,
   0.999999995843666,
   -3.416472008199408e-06
  ]
 ],
 "templeR0042": [
  [
   -0.9998714108041048,
   -0.010975528207810819,
   0.011691862006055168,
   0.047144609919414084
  ],
  [
   0.011845536106969676,
   -0.9969495369519369,
   0.07714469551211701,
   -0.997563662222289
  ],
  [
   0.010809492631366425,
   0.07727327191130397,
   0.9969513510283107,
   0.051469280614719504
  ]
 ],
 "templeR0044": [
  [
   -0.9987577997312506,
   -0.04958563274229093,
   0.004911466332742913,
   0.11458572743758241
  ],
  [
   0.04708431923920357,
   -0.906904004736147,
   0.4186982124099879,
   -4.4522531239275915
  ],
  [
   -0.01630718730412407,
   0.4184093584267508,
   0.9081121540994501,
   0.8773849748724949
  ]
 ],
 "templeR0032": [
  [
   -0.9226955743241118,
   -0.30838296563832013,
   -0.231371613701448,
   2.3866902716763936
  ],
  [
   0.08053050161950688,
   -0.7410694185039718,
   0.6665815443492984,
   -7.008116817337919
  ],
  [
   -0.37702482071026566,
   0.596419368785337,
   0.7086157076343227,
   2.164255277887407
  ]
 ],
 "templeR0034": [
  [
   -0.9207261371771158,
   -0.3477409278281024,
   -0.1770300184492942,
   1.8241411227999051
  ],
  [
   0.09302018962775227,
   -0.6361998759964123,
   0.7658961823274528,
   -8.045465072312878
  ],
  [
   -0.3789599248476334,
   0.6887132675470977,
   0.6181127813466374,
   3.15721710375734
  ]
 ],
 "templeR0036": [
  [
   -0.9474830204852475,
   -0.311471575327705,
   -0.0725353958769777,
   0.7884566419384849
  ],
  [
   0.1062749330250814,
   -0.5205739648726222,
   0.8471767145686385,
   -8.92863470146696
  ],
  [
   -0.3016315044929268,
   0.7949768580654885,
   0.5263366134306621,
   4.409988102231236
  ]
 ],
 "templeR0038": [
  [
   -0.9555116733595403,
   -0.294555826988173,
   0.015307085319046176,
   -0.09558647026148533
  ],
  [
   0.10162423998420904,
   -0.28005268246447823,
   0.9545904927727291,
   -10.013013414769006
  ],
  [
   -0.27689340172940735,
   0.9136779300343001,
   0.29752761930105476,
   6.894762633716689
  ]
 ],
 "templeR0015": [
  [
   0.9992689896472219,
   -0.037411794694683524,
   -0.007864092264417356,
   0.07609874816294081
  ],
  [
   0.037960321688011785,
   0.9466521312989856,
   0.32001368140195335,
   -3.2637499354538266
  ],
  [
   -0.004527726445257178,
   -0.3200782715599593,
   0.9473802825520625,
   0.47546057501458744
  ]
 ],
 "templeR0017": [
  [
   0.9966749710485093,
   -0.07598590871170517,
   -0.029413326277548765,
   0.2916844725534393
  ],
  [
   0.07890792064225073,
   0.8101421689054802,
   0.5808986195723318,
   -5.944390758753938
  ],
  [
   -0.020311133532360845,
   -0.5812880592601062,
   0.8134443127935985,
   1.808962883665931
  ]
 ],
 "templeR0019": [
  [
   0.9887021600556427,
   -0.14891365787326333,
   -0.01711026592753321,
   0.18422758827332802
  ],
  [
   0.10700049999654081,
   0.6212262085871412,
   0.7762917562134329,
   -7.96569526884822
  ],
  [
   -0.1049710993645227,
   -0.7693521432109295,
   0.6301415301620368,
   3.603086778839066
  ]
 ],
 "templeR0021": [
  [
   0.9869837871942273,
   -0.14006327825722634,
   -0.07902709598345863,
   0.8000479553753684
  ],
  [
   0.12766588897430717,
   0.3835545940743538,
   0.9146514604792676,
   -9.407319897359315
  ],
  [
   -0.09779787629667568,
   -0.912835226888345,
   0.3964434687866149,
   6.00566315268206
  ]
 ]
}